<frame id="window" size="1150,600"
    defaultCloseOperation="WindowConstants.DO_NOTHING_ON_CLOSE">
    <hbox>
        <vbox preferredsize="650,350">
            <panel border="TitledBorder(Investment Chart)"
                layout="BorderLayout">
                <panel border="EtchedBorder"
                    layout="BorderLayout()">
                    <plot id="plot" 
                        backgroundColor="white"
                        costColor="red"
                        valueColor="green"
                        shadowCostColor="CC9999"
                        costWidth="1.0"
                        valueWidth="1.0"
                        />
                </panel>
            </panel>
            <ticker id="ticker" background="white" foreground="red" 
                border="EtchedBorder" hz="30" step="4" />
            <hbox>
                <panel>
                    <button 
                        text="invest" 
                        id="investButton" 
                        action="investAction"
                        />
                    <label
                        id="currentValue"
                        text="test"
                        rows="1"
                        columns="4"
                        editable="false"
                        />
                </panel>
            </hbox>
        </vbox>
        <panel border="TitledBorder(Your Performance)"
            layout="BorderLayout()">
            <vbox preferredsize="300,350">
                <tabbedpane id="mainTabs"
                    autoscrolls="true"
                    >
                    <scrollpane
                        name="Current"
                        autoscrolls="true" 
                        >
                        <textpane id="currentPane"
                            font="Monospaced"
                            tabsize="2"
                            rows="10" 
                            columns="15"
                            editable="false"
                            contentType="text/html"
                            />
                    </scrollpane>
                    <tabbedpane id="historyTabs"
                        name="Previous"
                        autoscrolls="true"
                        >z
                        <scrollpane
                            name="Summary"
                            autoscrolls="true" 
                            >
                            <textarea id="historyText"
                                font="Monospaced"
                                tabsize="2"
                                text="&#x0009;Period&#x0009;&#x0009;&#x0009;Score&#x000A;"
                                rows="10" 
                                columns="15"
                                editable="false"/>
                        </scrollpane>
                    </tabbedpane> -->
                </tabbedpane>
                <hbox layout="BorderLayout" >
                    <label text="Your Total Score is   "/>
                    <label id="totalScore" text="0"/>
                </hbox>
            </vbox>
        </panel>
    </hbox>
</frame>
