#Monday, February 7, 2005 3:28:13 PM PST
PERIOD,TREATMENT,RED_PAYMENT,BLUE_PAYMENT,THRESHOLD,BONUS,PLAYER,WEIGHT,RED_LINE,BLUE_LINE,THRESHOLD_LINE,NOISE,ACTIVE
1     ,speculative attack,100        ,payoff_gte_threshold(.8; 60; 100),descend_linear(.8;60),payoff_gte_threshold(.8; 60; 100),1     ,3     ,true    ,true     ,true          ,false,true  
1     ,speculative attack,100        ,payoff_gte_threshold(.8; 60; 100),descend_linear(.8;60),payoff_gte_threshold(.8; 60; 100),2     ,1     ,true    ,true     ,true          ,false,true  
1     ,speculative attack,100        ,payoff_gte_threshold(.8; 60; 100),descend_linear(.8;60),payoff_gte_threshold(.8; 60; 100),3     ,1     ,true    ,true     ,true          ,false,true  
1     ,speculative attack,100        ,payoff_gte_threshold(.8; 60; 100),descend_linear(.8;60),payoff_gte_threshold(.8; 60; 100),4     ,1     ,true    ,true     ,true          ,false,true  
1     ,speculative attack,100        ,payoff_gte_threshold(.8; 60; 100),descend_linear(.8;60),payoff_gte_threshold(.8; 60; 100),5     ,1     ,true    ,true     ,true          ,false,true  
1     ,speculative attack,100        ,payoff_gte_threshold(.8; 60; 100),descend_linear(.8;60),payoff_gte_threshold(.8; 60; 100),6     ,1     ,true    ,true     ,true          ,false,true  
1     ,speculative attack,100        ,payoff_gte_threshold(.8; 60; 100),descend_linear(.8;60),payoff_gte_threshold(.8; 60; 100),7     ,1     ,true    ,true     ,true          ,false,true  
2     ,speculative attack,100        ,payoff_gte_threshold(.7; 120; 100),descend_linear(.7; 120),payoff_gte_threshold(.7; 120; 100),1     ,3     ,true    ,true     ,true          ,false,true  
2     ,speculative attack,100        ,payoff_gte_threshold(.7; 120; 100),descend_linear(.7; 120),payoff_gte_threshold(.7; 120; 100),2     ,1     ,true    ,true     ,false         ,false,true  
2     ,speculative attack,100        ,payoff_gte_threshold(.7; 120; 100),descend_linear(.7; 120),payoff_gte_threshold(.7; 120; 100),3     ,1     ,true    ,true     ,false         ,false,true  
2     ,speculative attack,100        ,payoff_gte_threshold(.7; 120; 100),descend_linear(.7; 120),payoff_gte_threshold(.7; 120; 100),4     ,1     ,true    ,true     ,false         ,false,true  
2     ,speculative attack,100        ,payoff_gte_threshold(.7; 120; 100),descend_linear(.7; 120),payoff_gte_threshold(.7; 120; 100),5     ,1     ,true    ,true     ,false         ,false,true  
2     ,speculative attack,100        ,payoff_gte_threshold(.7; 120; 100),descend_linear(.7; 120),payoff_gte_threshold(.7; 120; 100),6     ,1     ,true    ,true     ,false         ,false,true  
2     ,speculative attack,100        ,payoff_gte_threshold(.7; 120; 100),descend_linear(.7; 120),payoff_gte_threshold(.7; 120; 100),7     ,1     ,true    ,true     ,false         ,false,true  
3     ,speculative attack,100        ,payoff_gte_threshold(.8; 60; 100),descend_linear(.8; 60),payoff_gte_threshold(.8; 60; 100),1     ,3     ,true    ,true     ,false         ,false,true  
3     ,speculative attack,100        ,payoff_gte_threshold(.8; 60; 100),descend_linear(.8; 60),payoff_gte_threshold(.8; 60; 100),2     ,1     ,true    ,true     ,false         ,false,true  
3     ,speculative attack,100        ,payoff_gte_threshold(.8; 60; 100),descend_linear(.8; 60),payoff_gte_threshold(.8; 60; 100),3     ,1     ,true    ,true     ,false         ,false,true  
3     ,speculative attack,100        ,payoff_gte_threshold(.8; 60; 100),descend_linear(.8; 60),payoff_gte_threshold(.8; 60; 100),4     ,1     ,true    ,true     ,false         ,false,true  
3     ,speculative attack,100        ,payoff_gte_threshold(.8; 60; 100),descend_linear(.8; 60),payoff_gte_threshold(.8; 60; 100),5     ,1     ,true    ,true     ,false         ,false,true  
3     ,speculative attack,100        ,payoff_gte_threshold(.8; 60; 100),descend_linear(.8; 60),payoff_gte_threshold(.8; 60; 100),6     ,1     ,true    ,true     ,false         ,false,true  
3     ,speculative attack,100        ,payoff_gte_threshold(.8; 60; 100),descend_linear(.8; 60),payoff_gte_threshold(.8; 60; 100),7     ,1     ,true    ,true     ,false         ,false,true  
4     ,speculative attack,100        ,payoff_gte_threshold(1.05; 90; 100),descend_linear(1.05; 90),payoff_gte_threshold(1.05; 90; 100),1     ,1     ,true    ,true     ,true          ,false,true  
4     ,speculative attack,100        ,payoff_gte_threshold(1.05; 90; 100),descend_linear(1.05; 90),payoff_gte_threshold(1.05; 90; 100),2     ,1     ,true    ,true     ,true          ,false,true  
4     ,speculative attack,100        ,payoff_gte_threshold(1.05; 90; 100),descend_linear(1.05; 90),payoff_gte_threshold(1.05; 90; 100),3     ,1     ,true    ,true     ,true          ,false,true  
4     ,speculative attack,100        ,payoff_gte_threshold(1.05; 90; 100),descend_linear(1.05; 90),payoff_gte_threshold(1.05; 90; 100),4     ,1     ,true    ,true     ,true          ,false,true  
4     ,speculative attack,100        ,payoff_gte_threshold(1.05; 90; 100),descend_linear(1.05; 90),payoff_gte_threshold(1.05; 90; 100),5     ,1     ,true    ,true     ,true          ,false,true  
4     ,speculative attack,100        ,payoff_gte_threshold(1.05; 90; 100),descend_linear(1.05; 90),payoff_gte_threshold(1.05; 90; 100),6     ,1     ,true    ,true     ,true          ,false,true  
4     ,speculative attack,100        ,payoff_gte_threshold(1.05; 90; 100),descend_linear(1.05; 90),payoff_gte_threshold(1.05; 90; 100),7     ,1     ,true    ,true     ,true          ,false,true  
5     ,congest-linear,100        ,linear_bias(-200;200),.        ,.    ,1     ,1     ,true    ,true     ,false         ,false,true  
5     ,congest-linear,100        ,linear_bias(-200;200),.        ,.    ,2     ,1     ,true    ,true     ,false         ,false,true  
5     ,congest-linear,100        ,linear_bias(-200;200),.        ,.    ,3     ,1     ,true    ,true     ,false         ,false,true  
5     ,congest-linear,100        ,linear_bias(-200;200),.        ,.    ,4     ,1     ,true    ,true     ,false         ,false,true  
5     ,congest-linear,100        ,linear_bias(-200;200),.        ,.    ,5     ,1     ,true    ,true     ,false         ,false,true  
5     ,congest-linear,100        ,linear_bias(-200;200),.        ,.    ,6     ,1     ,true    ,true     ,false         ,false,true  
5     ,congest-linear,100        ,linear_bias(-200;200),.        ,.    ,7     ,1     ,true    ,true     ,false         ,false,true  
6     ,speculative attack,100        ,payoff_gte_threshold(.8; 60; 100),descend_linear(.8; 60),payoff_gte_threshold(.8; 60; 100),1     ,1     ,false   ,true     ,true          ,false,true  
6     ,speculative attack,100        ,payoff_gte_threshold(.8; 60; 100),descend_linear(.8; 60),payoff_gte_threshold(.8; 60; 100),2     ,1     ,false   ,true     ,true          ,false,true  
6     ,speculative attack,100        ,payoff_gte_threshold(.8; 60; 100),descend_linear(.8; 60),payoff_gte_threshold(.8; 60; 100),3     ,1     ,false   ,true     ,true          ,false,true  
6     ,speculative attack,100        ,payoff_gte_threshold(.8; 60; 100),descend_linear(.8; 60),payoff_gte_threshold(.8; 60; 100),4     ,1     ,false   ,true     ,true          ,false,true  
6     ,speculative attack,100        ,payoff_gte_threshold(.8; 60; 100),descend_linear(.8; 60),payoff_gte_threshold(.8; 60; 100),5     ,1     ,false   ,true     ,true          ,false,true  
6     ,speculative attack,100        ,payoff_gte_threshold(.8; 60; 100),descend_linear(.8; 60),payoff_gte_threshold(.8; 60; 100),6     ,1     ,false   ,true     ,true          ,false,true  
6     ,speculative attack,100        ,payoff_gte_threshold(.8; 60; 100),descend_linear(.8; 60),payoff_gte_threshold(.8; 60; 100),7     ,1     ,false   ,true     ,true          ,false,true  
7     ,speculative attack,100        ,payoff_gte_threshold(.7; 90; 100),descend_linear(.7; 90),payoff_gte_threshold(.7; 90; 100),1     ,1     ,false   ,true     ,true          ,false,true  
7     ,speculative attack,100        ,payoff_gte_threshold(.7; 90; 100),descend_linear(.7; 90),payoff_gte_threshold(.7; 90; 100),2     ,5     ,false   ,true     ,true          ,false,true  
7     ,speculative attack,100        ,payoff_gte_threshold(.7; 90; 100),descend_linear(.7; 90),payoff_gte_threshold(.7; 90; 100),3     ,1     ,false   ,true     ,true          ,false,true  
7     ,speculative attack,100        ,payoff_gte_threshold(.7; 90; 100),descend_linear(.7; 90),payoff_gte_threshold(.7; 90; 100),4     ,1     ,false   ,true     ,true          ,false,true  
7     ,speculative attack,100        ,payoff_gte_threshold(.7; 90; 100),descend_linear(.7; 90),payoff_gte_threshold(.7; 90; 100),5     ,1     ,false   ,true     ,true          ,false,true  
7     ,speculative attack,100        ,payoff_gte_threshold(.7; 90; 100),descend_linear(.7; 90),payoff_gte_threshold(.7; 90; 100),6     ,1     ,false   ,true     ,true          ,false,true  
7     ,speculative attack,100        ,payoff_gte_threshold(.7; 90; 100),descend_linear(.7; 90),payoff_gte_threshold(.7; 90; 100),7     ,1     ,false   ,true     ,true          ,false,true  
8     ,speculative attack,100        ,payoff_gte_threshold(.9; 30; 100),descend_linear(.9; 30),payoff_gte_threshold(.9; 30; 100),1     ,1     ,false   ,true     ,false         ,false,true  
8     ,speculative attack,100        ,payoff_gte_threshold(.9; 30; 100),descend_linear(.9; 30),payoff_gte_threshold(.9; 30; 100),2     ,5     ,false   ,true     ,true          ,false,true  
8     ,speculative attack,100        ,payoff_gte_threshold(.9; 30; 100),descend_linear(.9; 30),payoff_gte_threshold(.9; 30; 100),3     ,1     ,false   ,true     ,false         ,false,true  
8     ,speculative attack,100        ,payoff_gte_threshold(.9; 30; 100),descend_linear(.9; 30),payoff_gte_threshold(.9; 30; 100),4     ,1     ,false   ,true     ,false         ,false,true  
8     ,speculative attack,100        ,payoff_gte_threshold(.9; 30; 100),descend_linear(.9; 30),payoff_gte_threshold(.9; 30; 100),5     ,1     ,false   ,true     ,false         ,false,true  
8     ,speculative attack,100        ,payoff_gte_threshold(.9; 30; 100),descend_linear(.9; 30),payoff_gte_threshold(.9; 30; 100),6     ,1     ,false   ,true     ,false         ,false,true  
8     ,speculative attack,100        ,payoff_gte_threshold(.9; 30; 100),descend_linear(.9; 30),payoff_gte_threshold(.9; 30; 100),7     ,1     ,false   ,true     ,false         ,false,true  
9     ,speculative attack,100        ,false       ,.        ,.    ,1     ,1     ,false   ,true     ,false         ,false,true  
9     ,speculative attack,100        ,false       ,.        ,.    ,2     ,5     ,false   ,true     ,false         ,false,true  
9     ,speculative attack,100        ,false       ,.        ,.    ,3     ,1     ,false   ,true     ,false         ,false,true  
9     ,speculative attack,100        ,false       ,.        ,.    ,4     ,1     ,false   ,true     ,false         ,false,true  
9     ,speculative attack,100        ,false       ,.        ,.    ,5     ,1     ,false   ,true     ,false         ,false,true  
9     ,speculative attack,100        ,false       ,.        ,.    ,6     ,1     ,false   ,true     ,false         ,false,true  
9     ,speculative attack,100        ,false       ,.        ,.    ,7     ,1     ,false   ,true     ,false         ,false,true  
10    ,congest-thresh,100        ,atmost(.4;200),.        ,.    ,1     ,1     ,false   ,true     ,false         ,false,true  
10    ,congest-thresh,100        ,atmost(.4;200),.        ,.    ,2     ,1     ,false   ,true     ,false         ,false,true  
10    ,congest-thresh,100        ,atmost(.4;200),.        ,.    ,3     ,1     ,false   ,true     ,false         ,false,true  
10    ,congest-thresh,100        ,atmost(.4;200),.        ,.    ,4     ,1     ,false   ,true     ,false         ,false,true  
10    ,congest-thresh,100        ,atmost(.4;200),.        ,.    ,5     ,1     ,false   ,true     ,false         ,false,true  
10    ,congest-thresh,100        ,atmost(.4;200),.        ,.    ,6     ,1     ,false   ,true     ,false         ,false,true  
10    ,congest-thresh,100        ,atmost(.4;200),.        ,.    ,7     ,1     ,false   ,true     ,false         ,false,true  
11    ,speculative attack,100        ,payoff_gte_threshold(.9; 30; 100),descend_linear(.9; 30),payoff_gte_threshold(.9; 30; 100),1     ,1     ,false   ,true     ,true          ,false,true  
11    ,speculative attack,100        ,payoff_gte_threshold(.9; 30; 100),descend_linear(.9; 30),payoff_gte_threshold(.9; 30; 100),2     ,1     ,false   ,true     ,true          ,false,true  
11    ,speculative attack,100        ,payoff_gte_threshold(.9; 30; 100),descend_linear(.9; 30),payoff_gte_threshold(.9; 30; 100),3     ,3     ,false   ,true     ,true          ,false,true  
11    ,speculative attack,100        ,payoff_gte_threshold(.9; 30; 100),descend_linear(.9; 30),payoff_gte_threshold(.9; 30; 100),4     ,1     ,false   ,true     ,true          ,false,true  
11    ,speculative attack,100        ,payoff_gte_threshold(.9; 30; 100),descend_linear(.9; 30),payoff_gte_threshold(.9; 30; 100),5     ,1     ,false   ,true     ,true          ,false,true  
11    ,speculative attack,100        ,payoff_gte_threshold(.9; 30; 100),descend_linear(.9; 30),payoff_gte_threshold(.9; 30; 100),6     ,1     ,false   ,true     ,true          ,false,true  
11    ,speculative attack,100        ,payoff_gte_threshold(.9; 30; 100),descend_linear(.9; 30),payoff_gte_threshold(.9; 30; 100),7     ,1     ,false   ,true     ,true          ,false,true  
12    ,speculative attack,100        ,payoff_gte_threshold(.8; 90; 100),descend_linear(.8; 90),payoff_gte_threshold(.8; 90; 100),1     ,1     ,false   ,true     ,false         ,false,true  
12    ,speculative attack,100        ,payoff_gte_threshold(.8; 90; 100),descend_linear(.8; 90),payoff_gte_threshold(.8; 90; 100),2     ,1     ,false   ,true     ,false         ,false,true  
12    ,speculative attack,100        ,payoff_gte_threshold(.8; 90; 100),descend_linear(.8; 90),payoff_gte_threshold(.8; 90; 100),3     ,3     ,false   ,true     ,true          ,false,true  
12    ,speculative attack,100        ,payoff_gte_threshold(.8; 90; 100),descend_linear(.8; 90),payoff_gte_threshold(.8; 90; 100),4     ,1     ,false   ,true     ,false         ,false,true  
12    ,speculative attack,100        ,payoff_gte_threshold(.8; 90; 100),descend_linear(.8; 90),payoff_gte_threshold(.8; 90; 100),5     ,1     ,false   ,true     ,false         ,false,true  
12    ,speculative attack,100        ,payoff_gte_threshold(.8; 90; 100),descend_linear(.8; 90),payoff_gte_threshold(.8; 90; 100),6     ,1     ,false   ,true     ,false         ,false,true  
12    ,speculative attack,100        ,payoff_gte_threshold(.8; 90; 100),descend_linear(.8; 90),payoff_gte_threshold(.8; 90; 100),7     ,1     ,false   ,true     ,false         ,false,true  
13    ,speculative attack,100        ,payoff_gte_threshold(.5; 60; 100),descend_linear(.5; 60),payoff_gte_threshold(.5; 60; 100),1     ,1     ,false   ,true     ,false         ,false,true  
13    ,speculative attack,100        ,payoff_gte_threshold(.5; 60; 100),descend_linear(.5; 60),payoff_gte_threshold(.5; 60; 100),2     ,1     ,false   ,true     ,false         ,false,true  
13    ,speculative attack,100        ,payoff_gte_threshold(.5; 60; 100),descend_linear(.5; 60),payoff_gte_threshold(.5; 60; 100),3     ,3     ,false   ,true     ,false         ,false,true  
13    ,speculative attack,100        ,payoff_gte_threshold(.5; 60; 100),descend_linear(.5; 60),payoff_gte_threshold(.5; 60; 100),4     ,1     ,false   ,true     ,false         ,false,true  
13    ,speculative attack,100        ,payoff_gte_threshold(.5; 60; 100),descend_linear(.5; 60),payoff_gte_threshold(.5; 60; 100),5     ,1     ,false   ,true     ,false         ,false,true  
13    ,speculative attack,100        ,payoff_gte_threshold(.5; 60; 100),descend_linear(.5; 60),payoff_gte_threshold(.5; 60; 100),6     ,1     ,false   ,true     ,false         ,false,true  
13    ,speculative attack,100        ,payoff_gte_threshold(.5; 60; 100),descend_linear(.5; 60),payoff_gte_threshold(.5; 60; 100),7     ,1     ,false   ,true     ,false         ,false,true  
14    ,speculative attack,100        ,payoff_gte_threshold(.7; 120; 100),descend_linear(.7; 120),payoff_gte_threshold(.7; 120; 100),1     ,1     ,false   ,true     ,false         ,false,true  
14    ,speculative attack,100        ,payoff_gte_threshold(.7; 120; 100),descend_linear(.7; 120),payoff_gte_threshold(.7; 120; 100),2     ,1     ,false   ,true     ,false         ,false,true  
14    ,speculative attack,100        ,payoff_gte_threshold(.7; 120; 100),descend_linear(.7; 120),payoff_gte_threshold(.7; 120; 100),3     ,1     ,false   ,true     ,false         ,false,true  
14    ,speculative attack,100        ,payoff_gte_threshold(.7; 120; 100),descend_linear(.7; 120),payoff_gte_threshold(.7; 120; 100),4     ,1     ,false   ,true     ,false         ,false,true  
14    ,speculative attack,100        ,payoff_gte_threshold(.7; 120; 100),descend_linear(.7; 120),payoff_gte_threshold(.7; 120; 100),5     ,1     ,false   ,true     ,false         ,false,true  
14    ,speculative attack,100        ,payoff_gte_threshold(.7; 120; 100),descend_linear(.7; 120),payoff_gte_threshold(.7; 120; 100),6     ,1     ,false   ,true     ,false         ,false,true  
14    ,speculative attack,100        ,payoff_gte_threshold(.7; 120; 100),descend_linear(.7; 120),payoff_gte_threshold(.7; 120; 100),7     ,1     ,false   ,true     ,false         ,false,true  
15    ,coord-linear,100        ,linear_bias(200;0),.        ,.    ,1     ,1     ,false   ,true     ,false         ,false,true  
15    ,coord-linear,100        ,linear_bias(200;0),.        ,.    ,2     ,1     ,false   ,true     ,false         ,false,true  
15    ,coord-linear,100        ,linear_bias(200;0),.        ,.    ,3     ,1     ,false   ,true     ,false         ,false,true  
15    ,coord-linear,100        ,linear_bias(200;0),.        ,.    ,4     ,1     ,false   ,true     ,false         ,false,true  
15    ,coord-linear,100        ,linear_bias(200;0),.        ,.    ,5     ,1     ,false   ,true     ,false         ,false,true  
15    ,coord-linear,100        ,linear_bias(200;0),.        ,.    ,6     ,1     ,false   ,true     ,false         ,false,true  
15    ,coord-linear,100        ,linear_bias(200;0),.        ,.    ,7     ,1     ,false   ,true     ,false         ,false,true  
16    ,speculative attack,100        ,payoff_gte_threshold(.7; 120; 100),descend_linear(.7; 120),payoff_gte_threshold(.7; 120; 100),1     ,1     ,false   ,false    ,false         ,false,true  
16    ,speculative attack,100        ,payoff_gte_threshold(.7; 120; 100),descend_linear(.7; 120),payoff_gte_threshold(.7; 120; 100),2     ,1     ,false   ,false    ,false         ,false,true  
16    ,speculative attack,100        ,payoff_gte_threshold(.7; 120; 100),descend_linear(.7; 120),payoff_gte_threshold(.7; 120; 100),3     ,1     ,false   ,false    ,false         ,false,true  
16    ,speculative attack,100        ,payoff_gte_threshold(.7; 120; 100),descend_linear(.7; 120),payoff_gte_threshold(.7; 120; 100),4     ,1     ,false   ,false    ,false         ,false,true  
16    ,speculative attack,100        ,payoff_gte_threshold(.7; 120; 100),descend_linear(.7; 120),payoff_gte_threshold(.7; 120; 100),5     ,1     ,false   ,false    ,false         ,false,true  



















20    ,Congest-linear,100        ,linear_bias(-200;200),.        ,.    ,1     ,1     ,false   ,true     ,false         ,false,true  
20    ,Congest-linear,100        ,linear_bias(-200;200),.        ,.    ,2     ,1     ,false   ,true     ,false         ,false,true  
20    ,Congest-linear,100        ,linear_bias(-200;200),.        ,.    ,3     ,1     ,false   ,true     ,false         ,false,true  
20    ,Congest-linear,100        ,linear_bias(-200;200),.        ,.    ,4     ,1     ,false   ,true     ,false         ,false,true  
20    ,Congest-linear,100        ,linear_bias(-200;200),.        ,.    ,5     ,1     ,false   ,true     ,false         ,false,true  
20    ,Congest-linear,100        ,linear_bias(-200;200),.        ,.    ,6     ,1     ,false   ,true     ,false         ,false,true  
20    ,Congest-linear,100        ,linear_bias(-200;200),.        ,.    ,7     ,1     ,false   ,true     ,false         ,false,true  
21    ,speculative attack,100        ,payoff_gte_threshold(.7; 30; 100),descend_linear(.7; 30),payoff_gte_threshold(.7; 30; 100),1     ,1     ,false   ,true     ,true          ,false,true  
21    ,speculative attack,100        ,payoff_gte_threshold(.7; 30; 100),descend_linear(.7; 30),payoff_gte_threshold(.7; 30; 100),2     ,1     ,false   ,true     ,true          ,false,true  
21    ,speculative attack,100        ,payoff_gte_threshold(.7; 30; 100),descend_linear(.7; 30),payoff_gte_threshold(.7; 30; 100),3     ,1     ,false   ,true     ,true          ,false,true  
21    ,speculative attack,100        ,payoff_gte_threshold(.7; 30; 100),descend_linear(.7; 30),payoff_gte_threshold(.7; 30; 100),4     ,1     ,false   ,true     ,true          ,false,true  
21    ,speculative attack,100        ,payoff_gte_threshold(.7; 30; 100),descend_linear(.7; 30),payoff_gte_threshold(.7; 30; 100),5     ,3     ,false   ,true     ,true          ,false,true  
21    ,speculative attack,100        ,payoff_gte_threshold(.7; 30; 100),descend_linear(.7; 30),payoff_gte_threshold(.7; 30; 100),6     ,1     ,false   ,true     ,true          ,false,true  
21    ,speculative attack,100        ,payoff_gte_threshold(.7; 30; 100),descend_linear(.7; 30),payoff_gte_threshold(.7; 30; 100),7     ,1     ,false   ,true     ,true          ,false,true  
22    ,speculative attack,100        ,payoff_gte_threshold(.9; 90; 100),descend_linear(.9; 90),payoff_gte_threshold(.9; 90; 100),1     ,1     ,false   ,true     ,false         ,false,true  
22    ,speculative attack,100        ,payoff_gte_threshold(.9; 90; 100),descend_linear(.9; 90),payoff_gte_threshold(.9; 90; 100),2     ,1     ,false   ,true     ,false         ,false,true  
22    ,speculative attack,100        ,payoff_gte_threshold(.9; 90; 100),descend_linear(.9; 90),payoff_gte_threshold(.9; 90; 100),3     ,1     ,false   ,true     ,false         ,false,true  
22    ,speculative attack,100        ,payoff_gte_threshold(.9; 90; 100),descend_linear(.9; 90),payoff_gte_threshold(.9; 90; 100),4     ,1     ,false   ,true     ,false         ,false,true  
22    ,speculative attack,100        ,payoff_gte_threshold(.9; 90; 100),descend_linear(.9; 90),payoff_gte_threshold(.9; 90; 100),5     ,3     ,false   ,true     ,true          ,false,true  
22    ,speculative attack,100        ,payoff_gte_threshold(.9; 90; 100),descend_linear(.9; 90),payoff_gte_threshold(.9; 90; 100),6     ,1     ,false   ,true     ,false         ,false,true  
22    ,speculative attack,100        ,payoff_gte_threshold(.9; 90; 100),descend_linear(.9; 90),payoff_gte_threshold(.9; 90; 100),7     ,1     ,false   ,true     ,false         ,false,true  
23    ,speculative attack,100        ,payoff_gte_threshold(.5; 120; 100),descend_linear(.5; 120),payoff_gte_threshold(.5; 120; 100),1     ,1     ,false   ,true     ,false         ,false,true  
23    ,speculative attack,100        ,payoff_gte_threshold(.5; 120; 100),descend_linear(.5; 120),payoff_gte_threshold(.5; 120; 100),2     ,1     ,false   ,true     ,false         ,false,true  
23    ,speculative attack,100        ,payoff_gte_threshold(.5; 120; 100),descend_linear(.5; 120),payoff_gte_threshold(.5; 120; 100),3     ,1     ,false   ,true     ,false         ,false,true  
23    ,speculative attack,100        ,payoff_gte_threshold(.5; 120; 100),descend_linear(.5; 120),payoff_gte_threshold(.5; 120; 100),4     ,1     ,false   ,true     ,false         ,false,true  
23    ,speculative attack,100        ,payoff_gte_threshold(.5; 120; 100),descend_linear(.5; 120),payoff_gte_threshold(.5; 120; 100),5     ,3     ,false   ,true     ,false         ,false,true  
23    ,speculative attack,100        ,payoff_gte_threshold(.5; 120; 100),descend_linear(.5; 120),payoff_gte_threshold(.5; 120; 100),6     ,1     ,false   ,true     ,false         ,false,true  
23    ,speculative attack,100        ,payoff_gte_threshold(.5; 120; 100),descend_linear(.5; 120),payoff_gte_threshold(.5; 120; 100),7     ,1     ,false   ,true     ,false         ,false,true  
24    ,speculative attack,100        ,payoff_gte_threshold(.8; 60; 100),descend_linear(.8; 60),payoff_gte_threshold(.8; 60; 100),1     ,1     ,false   ,true     ,true          ,false,true  
24    ,speculative attack,100        ,payoff_gte_threshold(.8; 60; 100),descend_linear(.8; 60),payoff_gte_threshold(.8; 60; 100),2     ,1     ,false   ,true     ,true          ,false,true  
24    ,speculative attack,100        ,payoff_gte_threshold(.8; 60; 100),descend_linear(.8; 60),payoff_gte_threshold(.8; 60; 100),3     ,1     ,false   ,true     ,true          ,false,true  
24    ,speculative attack,100        ,payoff_gte_threshold(.8; 60; 100),descend_linear(.8; 60),payoff_gte_threshold(.8; 60; 100),4     ,1     ,false   ,true     ,true          ,false,true  
24    ,speculative attack,100        ,payoff_gte_threshold(.8; 60; 100),descend_linear(.8; 60),payoff_gte_threshold(.8; 60; 100),5     ,1     ,false   ,true     ,true          ,false,true  
24    ,speculative attack,100        ,payoff_gte_threshold(.8; 60; 100),descend_linear(.8; 60),payoff_gte_threshold(.8; 60; 100),6     ,1     ,false   ,true     ,true          ,false,true  
24    ,speculative attack,100        ,payoff_gte_threshold(.8; 60; 100),descend_linear(.8; 60),payoff_gte_threshold(.8; 60; 100),7     ,1     ,false   ,true     ,true          ,false,true  
25    ,congest-thresh,100        ,atmost(.8;200),.        ,.    ,1     ,1     ,false   ,true     ,true          ,false,true  
25    ,congest-thresh,100        ,atmost(.8;200),.        ,.    ,2     ,1     ,false   ,true     ,true          ,false,true  
25    ,congest-thresh,100        ,atmost(.8;200),.        ,.    ,3     ,1     ,false   ,true     ,true          ,false,true  
25    ,congest-thresh,100        ,atmost(.8;200),.        ,.    ,4     ,1     ,false   ,true     ,true          ,false,true  
25    ,congest-thresh,100        ,atmost(.8;200),.        ,.    ,5     ,1     ,false   ,true     ,true          ,false,true  
25    ,congest-thresh,100        ,atmost(.8;200),.        ,.    ,6     ,1     ,false   ,true     ,true          ,false,true  
25    ,congest-thresh,100        ,atmost(.8;200),.        ,.    ,7     ,1     ,false   ,true     ,true          ,false,true  
26    ,speculative attack,100        ,payoff_gte_threshold(.7; 120; 100),descend_linear(.7; 120),payoff_gte_threshold(.7; 120; 100),1     ,1     ,false   ,false    ,false         ,false,true  
26    ,speculative attack,100        ,payoff_gte_threshold(.7; 120; 100),descend_linear(.7; 120),payoff_gte_threshold(.7; 120; 100),2     ,1     ,false   ,false    ,false         ,false,true  
26    ,speculative attack,100        ,payoff_gte_threshold(.7; 120; 100),descend_linear(.7; 120),payoff_gte_threshold(.7; 120; 100),3     ,1     ,false   ,false    ,false         ,false,true  
26    ,speculative attack,100        ,payoff_gte_threshold(.7; 120; 100),descend_linear(.7; 120),payoff_gte_threshold(.7; 120; 100),4     ,1     ,false   ,false    ,false         ,false,true  
26    ,speculative attack,100        ,payoff_gte_threshold(.7; 120; 100),descend_linear(.7; 120),payoff_gte_threshold(.7; 120; 100),5     ,1     ,false   ,false    ,false         ,false,true  
26    ,speculative attack,100        ,payoff_gte_threshold(.7; 120; 100),descend_linear(.7; 120),payoff_gte_threshold(.7; 120; 100),6     ,1     ,false   ,false    ,false         ,false,true  
26    ,speculative attack,100        ,payoff_gte_threshold(.7; 120; 100),descend_linear(.7; 120),payoff_gte_threshold(.7; 120; 100),7     ,1     ,false   ,false    ,false         ,false,true  
27    ,speculative attack,100        ,payoff_gte_threshold(.6; 90; 100),descend_linear(.6; 90),payoff_gte_threshold(.6; 90; 100),1     ,1     ,false   ,false    ,true          ,false,true  
27    ,speculative attack,100        ,payoff_gte_threshold(.6; 90; 100),descend_linear(.6; 90),payoff_gte_threshold(.6; 90; 100),2     ,1     ,false   ,false    ,true          ,false,true  
27    ,speculative attack,100        ,payoff_gte_threshold(.6; 90; 100),descend_linear(.6; 90),payoff_gte_threshold(.6; 90; 100),3     ,1     ,false   ,false    ,true          ,false,true  
27    ,speculative attack,100        ,payoff_gte_threshold(.6; 90; 100),descend_linear(.6; 90),payoff_gte_threshold(.6; 90; 100),4     ,1     ,false   ,false    ,true          ,false,true  
27    ,speculative attack,100        ,payoff_gte_threshold(.6; 90; 100),descend_linear(.6; 90),payoff_gte_threshold(.6; 90; 100),5     ,1     ,false   ,false    ,true          ,false,true  
27    ,speculative attack,100        ,payoff_gte_threshold(.6; 90; 100),descend_linear(.6; 90),payoff_gte_threshold(.6; 90; 100),6     ,5     ,false   ,false    ,true          ,false,true  
27    ,speculative attack,100        ,payoff_gte_threshold(.6; 90; 100),descend_linear(.6; 90),payoff_gte_threshold(.6; 90; 100),7     ,1     ,false   ,false    ,true          ,false,true  
28    ,speculative attack,100        ,payoff_gte_threshold(.8; 90; 100),descend_linear(.8; 90),payoff_gte_threshold(.8; 90; 100),1     ,1     ,false   ,false    ,false         ,false,true  
28    ,speculative attack,100        ,payoff_gte_threshold(.8; 90; 100),descend_linear(.8; 90),payoff_gte_threshold(.8; 90; 100),2     ,1     ,false   ,false    ,false         ,false,true  
28    ,speculative attack,100        ,payoff_gte_threshold(.8; 90; 100),descend_linear(.8; 90),payoff_gte_threshold(.8; 90; 100),3     ,1     ,false   ,false    ,false         ,false,true  
28    ,speculative attack,100        ,payoff_gte_threshold(.8; 90; 100),descend_linear(.8; 90),payoff_gte_threshold(.8; 90; 100),4     ,1     ,false   ,false    ,false         ,false,true  
28    ,speculative attack,100        ,payoff_gte_threshold(.8; 90; 100),descend_linear(.8; 90),payoff_gte_threshold(.8; 90; 100),5     ,1     ,false   ,false    ,false         ,false,true  
28    ,speculative attack,100        ,payoff_gte_threshold(.8; 90; 100),descend_linear(.8; 90),payoff_gte_threshold(.8; 90; 100),6     ,5     ,false   ,false    ,true          ,false,true  
28    ,speculative attack,100        ,payoff_gte_threshold(.8; 90; 100),descend_linear(.8; 90),payoff_gte_threshold(.8; 90; 100),7     ,1     ,false   ,false    ,false         ,false,true  
29    ,speculative attack,100        ,payoff_gte_threshold(.9; 60; 100),descend_linear(.9; 60),payoff_gte_threshold(.9; 60; 100),1     ,1     ,false   ,false    ,false         ,false,true  
29    ,speculative attack,100        ,payoff_gte_threshold(.9; 60; 100),descend_linear(.9; 60),payoff_gte_threshold(.9; 60; 100),2     ,1     ,false   ,false    ,false         ,false,true  
29    ,speculative attack,100        ,payoff_gte_threshold(.9; 60; 100),descend_linear(.9; 60),payoff_gte_threshold(.9; 60; 100),3     ,1     ,false   ,false    ,false         ,false,true  
29    ,speculative attack,100        ,payoff_gte_threshold(.9; 60; 100),descend_linear(.9; 60),payoff_gte_threshold(.9; 60; 100),4     ,1     ,false   ,false    ,false         ,false,true  
29    ,speculative attack,100        ,payoff_gte_threshold(.9; 60; 100),descend_linear(.9; 60),payoff_gte_threshold(.9; 60; 100),5     ,1     ,false   ,false    ,false         ,false,true  
29    ,speculative attack,100        ,payoff_gte_threshold(.9; 60; 100),descend_linear(.9; 60),payoff_gte_threshold(.9; 60; 100),6     ,5     ,false   ,false    ,false         ,false,true  
29    ,speculative attack,100        ,payoff_gte_threshold(.9; 60; 100),descend_linear(.9; 60),payoff_gte_threshold(.9; 60; 100),7     ,1     ,false   ,false    ,false         ,false,true  
30    ,Coord-linear,100        ,linear_bias(200;0),.        ,.    ,1     ,1     ,false   ,true     ,false         ,false,true  
30    ,Coord-linear,100        ,linear_bias(200;0),.        ,.    ,2     ,1     ,false   ,true     ,false         ,false,true  
30    ,Coord-linear,100        ,linear_bias(200;0),.        ,.    ,3     ,1     ,false   ,true     ,false         ,false,true  
30    ,Coord-linear,100        ,linear_bias(200;0),.        ,.    ,4     ,1     ,false   ,true     ,false         ,false,true  
30    ,Coord-linear,100        ,linear_bias(200;0),.        ,.    ,5     ,1     ,false   ,true     ,false         ,false,true  
30    ,Coord-linear,100        ,linear_bias(200;0),.        ,.    ,6     ,1     ,false   ,true     ,false         ,false,true  
30    ,Coord-linear,100        ,linear_bias(200;0),.        ,.    ,7     ,1     ,false   ,true     ,false         ,false,true  
31    ,speculative attack,100        ,payoff_gte_threshold(.5; 90; 100),descend_linear(.5; 90),payoff_gte_threshold(.5; 90; 100),1     ,1     ,false   ,true     ,true          ,false,true  
31    ,speculative attack,100        ,payoff_gte_threshold(.5; 90; 100),descend_linear(.5; 90),payoff_gte_threshold(.5; 90; 100),2     ,1     ,false   ,true     ,true          ,false,true  
31    ,speculative attack,100        ,payoff_gte_threshold(.5; 90; 100),descend_linear(.5; 90),payoff_gte_threshold(.5; 90; 100),3     ,1     ,false   ,true     ,true          ,false,true  
31    ,speculative attack,100        ,payoff_gte_threshold(.5; 90; 100),descend_linear(.5; 90),payoff_gte_threshold(.5; 90; 100),4     ,1     ,false   ,true     ,true          ,false,true  
31    ,speculative attack,100        ,payoff_gte_threshold(.5; 90; 100),descend_linear(.5; 90),payoff_gte_threshold(.5; 90; 100),5     ,1     ,false   ,true     ,true          ,false,true  
31    ,speculative attack,100        ,payoff_gte_threshold(.5; 90; 100),descend_linear(.5; 90),payoff_gte_threshold(.5; 90; 100),6     ,1     ,false   ,true     ,true          ,false,true  
31    ,speculative attack,100        ,payoff_gte_threshold(.5; 90; 100),descend_linear(.5; 90),payoff_gte_threshold(.5; 90; 100),7     ,3     ,false   ,true     ,true          ,false,true  
32    ,speculative attack,100        ,payoff_gte_threshold(.8; 30; 100),descend_linear(.8; 30),payoff_gte_threshold(.8; 30; 100),1     ,1     ,false   ,true     ,false         ,false,true  
32    ,speculative attack,100        ,payoff_gte_threshold(.8; 30; 100),descend_linear(.8; 30),payoff_gte_threshold(.8; 30; 100),2     ,1     ,false   ,true     ,false         ,false,true  
32    ,speculative attack,100        ,payoff_gte_threshold(.8; 30; 100),descend_linear(.8; 30),payoff_gte_threshold(.8; 30; 100),3     ,1     ,false   ,true     ,false         ,false,true  
32    ,speculative attack,100        ,payoff_gte_threshold(.8; 30; 100),descend_linear(.8; 30),payoff_gte_threshold(.8; 30; 100),4     ,1     ,false   ,true     ,false         ,false,true  
32    ,speculative attack,100        ,payoff_gte_threshold(.8; 30; 100),descend_linear(.8; 30),payoff_gte_threshold(.8; 30; 100),5     ,1     ,false   ,true     ,false         ,false,true  
32    ,speculative attack,100        ,payoff_gte_threshold(.8; 30; 100),descend_linear(.8; 30),payoff_gte_threshold(.8; 30; 100),6     ,1     ,false   ,true     ,false         ,false,true  
32    ,speculative attack,100        ,payoff_gte_threshold(.8; 30; 100),descend_linear(.8; 30),payoff_gte_threshold(.8; 30; 100),7     ,3     ,false   ,true     ,true          ,false,true  
33    ,speculative attack,100        ,payoff_gte_threshold(.7; 120; 100),descend_linear(.7; 120),payoff_gte_threshold(.7; 120; 100),1     ,1     ,false   ,true     ,false         ,false,true  
33    ,speculative attack,100        ,payoff_gte_threshold(.7; 120; 100),descend_linear(.7; 120),payoff_gte_threshold(.7; 120; 100),2     ,1     ,false   ,true     ,false         ,false,true  
33    ,speculative attack,100        ,payoff_gte_threshold(.7; 120; 100),descend_linear(.7; 120),payoff_gte_threshold(.7; 120; 100),3     ,1     ,false   ,true     ,false         ,false,true  
33    ,speculative attack,100        ,payoff_gte_threshold(.7; 120; 100),descend_linear(.7; 120),payoff_gte_threshold(.7; 120; 100),4     ,1     ,false   ,true     ,false         ,false,true  
33    ,speculative attack,100        ,payoff_gte_threshold(.7; 120; 100),descend_linear(.7; 120),payoff_gte_threshold(.7; 120; 100),5     ,1     ,false   ,true     ,false         ,false,true  
33    ,speculative attack,100        ,payoff_gte_threshold(.7; 120; 100),descend_linear(.7; 120),payoff_gte_threshold(.7; 120; 100),6     ,1     ,false   ,true     ,false         ,false,true  
33    ,speculative attack,100        ,payoff_gte_threshold(.7; 120; 100),descend_linear(.7; 120),payoff_gte_threshold(.7; 120; 100),7     ,3     ,false   ,true     ,false         ,false,true  
34    ,speculative attack,100        ,payoff_gte_threshold(.9; 60; 100),descend_linear(.9; 60),payoff_gte_threshold(.9; 60; 100),1     ,1     ,false   ,true     ,true          ,false,true  
34    ,speculative attack,100        ,payoff_gte_threshold(.9; 60; 100),descend_linear(.9; 60),payoff_gte_threshold(.9; 60; 100),2     ,1     ,false   ,true     ,true          ,false,true  
34    ,speculative attack,100        ,payoff_gte_threshold(.9; 60; 100),descend_linear(.9; 60),payoff_gte_threshold(.9; 60; 100),3     ,1     ,false   ,true     ,true          ,false,true  
34    ,speculative attack,100        ,payoff_gte_threshold(.9; 60; 100),descend_linear(.9; 60),payoff_gte_threshold(.9; 60; 100),4     ,1     ,false   ,true     ,true          ,false,true  
34    ,speculative attack,100        ,payoff_gte_threshold(.9; 60; 100),descend_linear(.9; 60),payoff_gte_threshold(.9; 60; 100),5     ,1     ,false   ,true     ,true          ,false,true  
34    ,speculative attack,100        ,payoff_gte_threshold(.9; 60; 100),descend_linear(.9; 60),payoff_gte_threshold(.9; 60; 100),6     ,1     ,false   ,true     ,true          ,false,true  
34    ,speculative attack,100        ,payoff_gte_threshold(.9; 60; 100),descend_linear(.9; 60),payoff_gte_threshold(.9; 60; 100),7     ,1     ,false   ,true     ,true          ,false,true  
35    ,congest-linear,100        ,linear_bias(-200;200),.        ,.    ,1     ,1     ,false   ,true     ,false         ,false,true  
35    ,congest-linear,100        ,linear_bias(-200;200),.        ,.    ,2     ,1     ,false   ,true     ,false         ,false,true  
35    ,congest-linear,100        ,linear_bias(-200;200),.        ,.    ,3     ,1     ,false   ,true     ,false         ,false,true  
35    ,congest-linear,100        ,linear_bias(-200;200),.        ,.    ,4     ,1     ,false   ,true     ,false         ,false,true  
35    ,congest-linear,100        ,linear_bias(-200;200),.        ,.    ,5     ,1     ,false   ,true     ,false         ,false,true  
35    ,congest-linear,100        ,linear_bias(-200;200),.        ,.    ,6     ,1     ,false   ,true     ,false         ,false,true  
35    ,congest-linear,100        ,linear_bias(-200;200),.        ,.    ,7     ,1     ,false   ,true     ,false         ,false,true  
36    ,speculative attack,100        ,payoff_gte_threshold(.9; 90; 100),descend_linear(.9; 90),payoff_gte_threshold(.9; 90; 100),1     ,1     ,false   ,false    ,true          ,false,true  
36    ,speculative attack,100        ,payoff_gte_threshold(.9; 90; 100),descend_linear(.9; 90),payoff_gte_threshold(.9; 90; 100),2     ,1     ,false   ,false    ,true          ,false,true  
36    ,speculative attack,100        ,payoff_gte_threshold(.9; 90; 100),descend_linear(.9; 90),payoff_gte_threshold(.9; 90; 100),3     ,1     ,false   ,false    ,true          ,false,true  
36    ,speculative attack,100        ,payoff_gte_threshold(.9; 90; 100),descend_linear(.9; 90),payoff_gte_threshold(.9; 90; 100),4     ,1     ,false   ,false    ,true          ,false,true  
36    ,speculative attack,100        ,payoff_gte_threshold(.9; 90; 100),descend_linear(.9; 90),payoff_gte_threshold(.9; 90; 100),5     ,1     ,false   ,false    ,true          ,false,true  
36    ,speculative attack,100        ,payoff_gte_threshold(.9; 90; 100),descend_linear(.9; 90),payoff_gte_threshold(.9; 90; 100),6     ,1     ,false   ,false    ,true          ,false,true  
36    ,speculative attack,100        ,payoff_gte_threshold(.9; 90; 100),descend_linear(.9; 90),payoff_gte_threshold(.9; 90; 100),7     ,1     ,false   ,false    ,true          ,false,true  
37    ,speculative attack,100        ,payoff_gte_threshold(.7; 30; 100),descend_linear(.7; 30),payoff_gte_threshold(.7; 30; 100),1     ,5     ,false   ,false    ,true          ,false,true  
37    ,speculative attack,100        ,payoff_gte_threshold(.7; 30; 100),descend_linear(.7; 30),payoff_gte_threshold(.7; 30; 100),2     ,1     ,false   ,false    ,true          ,false,true  
37    ,speculative attack,100        ,payoff_gte_threshold(.7; 30; 100),descend_linear(.7; 30),payoff_gte_threshold(.7; 30; 100),3     ,1     ,false   ,false    ,true          ,false,true  
37    ,speculative attack,100        ,payoff_gte_threshold(.7; 30; 100),descend_linear(.7; 30),payoff_gte_threshold(.7; 30; 100),4     ,1     ,false   ,false    ,true          ,false,true  
37    ,speculative attack,100        ,payoff_gte_threshold(.7; 30; 100),descend_linear(.7; 30),payoff_gte_threshold(.7; 30; 100),5     ,1     ,false   ,false    ,true          ,false,true  
37    ,speculative attack,100        ,payoff_gte_threshold(.7; 30; 100),descend_linear(.7; 30),payoff_gte_threshold(.7; 30; 100),6     ,1     ,false   ,false    ,true          ,false,true  
37    ,speculative attack,100        ,payoff_gte_threshold(.7; 30; 100),descend_linear(.7; 30),payoff_gte_threshold(.7; 30; 100),7     ,1     ,false   ,false    ,true          ,false,true  
38    ,speculative attack,100        ,payoff_gte_threshold(.5; 60; 100),descend_linear(.5; 60),payoff_gte_threshold(.5; 60; 100),1     ,5     ,false   ,false    ,true          ,false,true  
38    ,speculative attack,100        ,payoff_gte_threshold(.5; 60; 100),descend_linear(.5; 60),payoff_gte_threshold(.5; 60; 100),2     ,1     ,false   ,false    ,false         ,false,true  
38    ,speculative attack,100        ,payoff_gte_threshold(.5; 60; 100),descend_linear(.5; 60),payoff_gte_threshold(.5; 60; 100),3     ,1     ,false   ,false    ,false         ,false,true  
38    ,speculative attack,100        ,payoff_gte_threshold(.5; 60; 100),descend_linear(.5; 60),payoff_gte_threshold(.5; 60; 100),4     ,1     ,false   ,false    ,false         ,false,true  
38    ,speculative attack,100        ,payoff_gte_threshold(.5; 60; 100),descend_linear(.5; 60),payoff_gte_threshold(.5; 60; 100),5     ,1     ,false   ,false    ,false         ,false,true  
38    ,speculative attack,100        ,payoff_gte_threshold(.5; 60; 100),descend_linear(.5; 60),payoff_gte_threshold(.5; 60; 100),6     ,1     ,false   ,false    ,false         ,false,true  
38    ,speculative attack,100        ,payoff_gte_threshold(.5; 60; 100),descend_linear(.5; 60),payoff_gte_threshold(.5; 60; 100),7     ,1     ,false   ,false    ,false         ,false,true  
39    ,speculative attack,100        ,payoff_gte_threshold(.8; 120; 100),descend_linear(.8; 120),payoff_gte_threshold(.8; 120; 100),1     ,5     ,false   ,false    ,false         ,false,true  
39    ,speculative attack,100        ,payoff_gte_threshold(.8; 120; 100),descend_linear(.8; 120),payoff_gte_threshold(.8; 120; 100),2     ,1     ,false   ,false    ,false         ,false,true  
39    ,speculative attack,100        ,payoff_gte_threshold(.8; 120; 100),descend_linear(.8; 120),payoff_gte_threshold(.8; 120; 100),3     ,1     ,false   ,false    ,false         ,false,true  
39    ,speculative attack,100        ,payoff_gte_threshold(.8; 120; 100),descend_linear(.8; 120),payoff_gte_threshold(.8; 120; 100),4     ,1     ,false   ,false    ,false         ,false,true  
39    ,speculative attack,100        ,payoff_gte_threshold(.8; 120; 100),descend_linear(.8; 120),payoff_gte_threshold(.8; 120; 100),5     ,1     ,false   ,false    ,false         ,false,true  
39    ,speculative attack,100        ,payoff_gte_threshold(.8; 120; 100),descend_linear(.8; 120),payoff_gte_threshold(.8; 120; 100),6     ,1     ,false   ,false    ,false         ,false,true  
39    ,speculative attack,100        ,payoff_gte_threshold(.8; 120; 100),descend_linear(.8; 120),payoff_gte_threshold(.8; 120; 100),7     ,1     ,false   ,false    ,false         ,false,true  
40    ,Congest-thresh,100        ,atmost(.4;200),.        ,.    ,1     ,1     ,false   ,true     ,true          ,false,true  
40    ,Congest-thresh,100        ,atmost(.4;200),.        ,.    ,2     ,1     ,false   ,true     ,true          ,false,true  
40    ,Congest-thresh,100        ,atmost(.4;200),.        ,.    ,3     ,1     ,false   ,true     ,true          ,false,true  
40    ,Congest-thresh,100        ,atmost(.4;200),.        ,.    ,4     ,1     ,false   ,true     ,true          ,false,true  
40    ,Congest-thresh,100        ,atmost(.4;200),.        ,.    ,5     ,1     ,false   ,true     ,true          ,false,true  
40    ,Congest-thresh,100        ,atmost(.4;200),.        ,.    ,6     ,1     ,false   ,true     ,true          ,false,true  
40    ,Congest-thresh,100        ,atmost(.4;200),.        ,.    ,7     ,1     ,false   ,true     ,true          ,false,true  
41    ,speculative attack,100        ,payoff_gte_threshold(.6; 90; 100),descend_linear(.6; 90),payoff_gte_threshold(.6; 90; 100),1     ,1     ,false   ,true     ,true          ,false,true  
41    ,speculative attack,100        ,payoff_gte_threshold(.6; 90; 100),descend_linear(.6; 90),payoff_gte_threshold(.6; 90; 100),2     ,3     ,false   ,true     ,true          ,false,true  
41    ,speculative attack,100        ,payoff_gte_threshold(.6; 90; 100),descend_linear(.6; 90),payoff_gte_threshold(.6; 90; 100),3     ,1     ,false   ,true     ,true          ,false,true  
41    ,speculative attack,100        ,payoff_gte_threshold(.6; 90; 100),descend_linear(.6; 90),payoff_gte_threshold(.6; 90; 100),4     ,1     ,false   ,true     ,true          ,false,true  
41    ,speculative attack,100        ,payoff_gte_threshold(.6; 90; 100),descend_linear(.6; 90),payoff_gte_threshold(.6; 90; 100),5     ,1     ,false   ,true     ,true          ,false,true  
41    ,speculative attack,100        ,payoff_gte_threshold(.6; 90; 100),descend_linear(.6; 90),payoff_gte_threshold(.6; 90; 100),6     ,1     ,false   ,true     ,true          ,false,true  
41    ,speculative attack,100        ,payoff_gte_threshold(.6; 90; 100),descend_linear(.6; 90),payoff_gte_threshold(.6; 90; 100),7     ,1     ,false   ,true     ,true          ,false,true  
42    ,speculative attack,100        ,payoff_gte_threshold(.9; 60; 100),descend_linear(.9; 60),payoff_gte_threshold(.9; 60; 100),1     ,1     ,false   ,true     ,false         ,false,true  
42    ,speculative attack,100        ,payoff_gte_threshold(.9; 60; 100),descend_linear(.9; 60),payoff_gte_threshold(.9; 60; 100),2     ,3     ,false   ,true     ,true          ,false,true  
42    ,speculative attack,100        ,payoff_gte_threshold(.9; 60; 100),descend_linear(.9; 60),payoff_gte_threshold(.9; 60; 100),3     ,1     ,false   ,true     ,false         ,false,true  
42    ,speculative attack,100        ,payoff_gte_threshold(.9; 60; 100),descend_linear(.9; 60),payoff_gte_threshold(.9; 60; 100),4     ,1     ,false   ,true     ,false         ,false,true  
42    ,speculative attack,100        ,payoff_gte_threshold(.9; 60; 100),descend_linear(.9; 60),payoff_gte_threshold(.9; 60; 100),5     ,1     ,false   ,true     ,false         ,false,true  
42    ,speculative attack,100        ,payoff_gte_threshold(.9; 60; 100),descend_linear(.9; 60),payoff_gte_threshold(.9; 60; 100),6     ,1     ,false   ,true     ,false         ,false,true  
42    ,speculative attack,100        ,payoff_gte_threshold(.9; 60; 100),descend_linear(.9; 60),payoff_gte_threshold(.9; 60; 100),7     ,1     ,false   ,true     ,false         ,false,true  
43    ,speculative attack,100        ,payoff_gte_threshold(.7; 120; 100),descend_linear(.7; 120),payoff_gte_threshold(.7; 120; 100),1     ,1     ,false   ,true     ,false         ,false,true  
43    ,speculative attack,100        ,payoff_gte_threshold(.7; 120; 100),descend_linear(.7; 120),payoff_gte_threshold(.7; 120; 100),2     ,3     ,false   ,true     ,false         ,false,true  
43    ,speculative attack,100        ,payoff_gte_threshold(.7; 120; 100),descend_linear(.7; 120),payoff_gte_threshold(.7; 120; 100),3     ,1     ,false   ,true     ,false         ,false,true  
43    ,speculative attack,100        ,payoff_gte_threshold(.7; 120; 100),descend_linear(.7; 120),payoff_gte_threshold(.7; 120; 100),4     ,1     ,false   ,true     ,false         ,false,true  
43    ,speculative attack,100        ,payoff_gte_threshold(.7; 120; 100),descend_linear(.7; 120),payoff_gte_threshold(.7; 120; 100),5     ,1     ,false   ,true     ,false         ,false,true  
43    ,speculative attack,100        ,payoff_gte_threshold(.7; 120; 100),descend_linear(.7; 120),payoff_gte_threshold(.7; 120; 100),6     ,1     ,false   ,true     ,false         ,false,true  
43    ,speculative attack,100        ,payoff_gte_threshold(.7; 120; 100),descend_linear(.7; 120),payoff_gte_threshold(.7; 120; 100),7     ,1     ,false   ,true     ,false         ,false,true  
